"Order ID",Category,Amount,ship-city,Status
403-5977671-8855508,Set,1115,"COOCH BEHAR","Shipped - Returned to Seller"
408-5020509-5674715,"Western Dress",0,"NEW DELHI","Shipped - Returned to Seller"
407-7607527-1189964,kurta,568,RAMANAGARA,"Shipped - Rejected by Buyer"
408-0266080-9401113,Top,599,GURUGRAM,"Shipped - Returned to Seller"
408-0902233-8069950,kurta,0,BENGALURU,"Shipped - Returned to Seller"
406-8536478-4581952,Top,518,"KOTPAD, Koraput","Shipped - Returned to Seller"
402-6638943-7023558,Set,613,"NEW DELHI","Shipped - Returned to Seller"
406-5601546-3935561,"Western Dress",699,HYDERABAD,"Shipped - Returned to Seller"
408-6125977-4183535,Top,423,PATNA,"Shipped - Returned to Seller"
408-1323988-1333949,Set,0,KANCHIPURAM,"Shipped - Returned to Seller"
408-2507164-5337918,kurta,499,EGRA,"Shipped - Returned to Seller"
171-2002315-6616312,Blouse,625,DALTONGANJ,"Shipped - Returned to Seller"
408-9008620-6061118,Set,0,THANE,"Shipped - Returned to Seller"
407-4787404-6815549,"Western Dress",791,CHENNAI,"Shipped - Returned to Seller"
408-8747074-3173921,Top,0,MUMBAI,"Shipped - Returned to Seller"
405-7829062-0073141,kurta,1128,PALAM,"Shipped - Returned to Seller"
171-4502176-0991515,"Western Dress",744,NELLORE,"Shipped - Returned to Seller"
406-2887147-6410739,Blouse,518,GUWAHATI,"Shipped - Returned to Seller"
405-4580146-5622759,"Western Dress",725,PATNA,"Shipped - Returned to Seller"
402-7765194-7677124,Set,474,TINSUKIA,"Shipped - Returned to Seller"
171-6513341-1148308,"Western Dress",744,NAMAKKAL,"Shipped - Returned to Seller"
408-5261111-7951542,kurta,363,PATHANAMTHITTA,"Shipped - Returned to Seller"
405-1536760-2101952,kurta,487,Kamtaul,"Shipped - Returned to Seller"
408-4225652-6758727,Set,1115,"OBRA sonebhadra","Shipped - Returned to Seller"
402-0430597-5231502,Set,788,BENGALURU,"Shipped - Returned to Seller"
404-6041390-2405907,Set,1173,RANCHI,"Shipped - Returned to Seller"
402-1142198-6127552,Top,359,AGARTALA,"Shipped - Returned to Seller"
407-9007522-6181931,Set,771,GURUGRAM,"Shipped - Returned to Seller"
402-8205698-4945157,kurta,459,HIMMATNAGAR,"Shipped - Returned to Seller"
402-7058104-9370726,Top,518,BAGRU,"Shipped - Returned to Seller"
402-4893218-0589126,kurta,399,HYDERABAD,"Shipped - Returned to Seller"
407-8611776-7216356,kurta,318,SECUNDERABAD,"Shipped - Returned to Seller"
408-2745640-5705920,"Ethnic Dress",899,HYDERABAD,"Shipped - Returned to Seller"
407-7298991-4244331,Set,545,KOLKATA,"Shipped - Returned to Seller"
408-9023250-5291526,Top,0,MUMBAI,"Shipped - Returned to Seller"
407-6292311-8601959,kurta,363,Chennai,"Shipped - Returned to Seller"
405-1309020-7142734,Set,474,BENGALURU,"Shipped - Returned to Seller"
406-7984994-6069162,kurta,352,CHENNAI,"Shipped - Returned to Seller"
404-6685817-2384311,Set,662,"GREATER NOIDA","Shipped - Returned to Seller"
407-3701688-6089161,kurta,476,LUCKNOW,"Shipped - Returned to Seller"
408-6302592-9064349,Set,999,PANDARIA,"Shipped - Returned to Seller"
406-3846244-8341912,Set,1238,JODHPUR,"Shipped - Returned to Seller"
405-2187860-3349121,Set,751,KAWARDHA,"Shipped - Returned to Seller"
402-8293007-3919551,kurta,549,"HINDALCO INDUSTRIES LTD","Shipped - Returned to Seller"
402-4803595-6620318,Set,825,Lathi,"Shipped - Returned to Seller"
405-9497743-9809958,kurta,517,SHERGHATI,"Shipped - Returned to Seller"
171-0110608-8128325,kurta,459,GUWAHATI,"Shipped - Returned to Seller"
408-1020919-0332346,Set,597,"Tumkur district","Shipped - Returned to Seller"
402-8608966-0497909,Set,1163,"NEW DELHI","Shipped - Returned to Seller"
408-1046407-0609124,kurta,0,GHAZIABAD,"Shipped - Returned to Seller"
171-2348046-1988320,kurta,475,KOLKATA,"Shipped - Returned to Seller"
171-6214968-3025165,"Western Dress",744,KHURJA,"Shipped - Returned to Seller"
403-0735841-9751504,Set,852,ANANTAPUR,"Shipped - Returned to Seller"
171-6805811-7352368,kurta,399,JHANSI,"Shipped - Returned to Seller"
405-4255955-1043569,kurta,458,RAJPURA,"Shipped - Returned to Seller"
407-8367095-5396340,kurta,499,THOUBAL,"Shipped - Returned to Seller"
402-1621752-3677922,Set,1186,Ghaziabad,"Shipped - Returned to Seller"
404-1664902-4965955,Set,1399,DHRANGADHRA,"Shipped - Returned to Seller"
402-0460440-6121109,kurta,353,BENGALURU,"Shipped - Returned to Seller"
404-4257098-2689963,Set,597,BENGALURU,"Shipped - Returned to Seller"
405-0251364-2891539,Set,654,FAIZABAD,"Shipped - Returned to Seller"
404-4859779-4185160,kurta,517,SIRSI,"Shipped - Returned to Seller"
406-9791202-0003533,"Western Dress",721,AMRAVATI,"Shipped - Returned to Seller"
171-1321574-4455501,Set,1186,KANPUR,"Shipped - Returned to Seller"
404-2328669-0358761,Set,599,SECUNDERABAD,"Shipped - Returned to Seller"
405-9447825-5455503,kurta,517,VARANASI,"Shipped - Returned to Seller"
171-5586489-3631517,kurta,329,CHENNAI,"Shipped - Returned to Seller"
406-4418457-5360346,kurta,499,Ghaziabad,"Shipped - Returned to Seller"
402-7273102-2737104,Set,654,NASHIK,"Shipped - Rejected by Buyer"
402-9305010-6694737,Set,666,Hyderabad,"Shipped - Returned to Seller"
404-1349387-6536353,Set,1186,HYDERABAD,"Shipped - Returned to Seller"
408-6037724-1333108,Set,696,"NEW DELHI","Shipped - Returned to Seller"
405-8225636-0392365,Set,654,BAWAL,"Shipped - Returned to Seller"
402-1871537-6443556,Set,788,KALABURGI,"Shipped - Returned to Seller"
405-1803358-1253933,Set,563,CHENNAI,"Shipped - Returned to Seller"
405-1057300-1021959,kurta,517,NAHAN,"Shipped - Returned to Seller"
406-9714614-5096369,Set,545,PUNE,"Shipped - Returned to Seller"
406-3737607-8211561,Set,1126,DHEMAJI,"Shipped - Returned to Seller"
408-3828170-3808330,Set,597,"NEEM KA THANA","Shipped - Returned to Seller"
405-0097722-4750710,kurta,318,NASHIK,"Shipped - Returned to Seller"
408-3436074-1774756,Set,0,BENGALURU,"Shipped - Returned to Seller"
405-4231730-8793948,Set,792,BENGALURU,"Shipped - Returned to Seller"
408-0391626-7002737,kurta,0,THANE,"Shipped - Returned to Seller"
406-1229485-5046751,Set,636,CHENNAI,"Shipped - Returned to Seller"
405-4969432-3413936,Top,377,LUCKNOW,"Shipped - Returned to Seller"
408-6176421-4673963,"Western Dress",859,MUMBAI,"Shipped - Returned to Seller"
407-7518897-4138765,Set,597,Banglore,"Shipped - Returned to Seller"
403-0631932-8326700,Set,1186,"Ashiana nagar Patna","Shipped - Returned to Seller"
404-3978926-5253912,Set,1099,"Haldaur district Bijnor","Shipped - Returned to Seller"
403-2483448-0575558,kurta,442,Bhogapuram,"Shipped - Returned to Seller"
404-9847578-3516356,Set,759,"Madanapalli Chittoor","Shipped - Returned to Seller"
403-0163678-5955563,Set,684,"Greater noida West","Shipped - Returned to Seller"
171-9945939-4975536,kurta,353,Hyderabad,"Shipped - Returned to Seller"
405-7429146-5389920,kurta,368,GHAZIABAD,"Shipped - Returned to Seller"
404-0390672-4434716,Set,969,"VALLAM THANJAVUR DISTRICT","Shipped - Returned to Seller"
406-0125374-8863509,Set,1200,BHUBANESWAR,"Shipped - Returned to Seller"
406-8862902-7465900,kurta,280,GANDHINAGAR,"Shipped - Returned to Seller"
171-3278050-1997128,kurta,499,BENGALURU,"Shipped - Returned to Seller"
407-2592903-2137164,"Western Dress",825,VIJAPURA,"Shipped - Returned to Seller"
171-7868323-6609911,Set,597,RAJKOT,"Shipped - Returned to Seller"
408-1453329-5680354,Set,751,MUMBAI,"Shipped - Returned to Seller"
403-6621088-7907516,kurta,357,"ALAMCODE Vanchiyoor THIRUVANANTHAPURAM DISTRICT","Shipped - Returned to Seller"
407-3940696-8320367,Set,1186,JAMSHEDPUR,"Shipped - Returned to Seller"
403-3407654-1970762,kurta,597,AMRITSAR,"Shipped - Returned to Seller"
404-1503945-8489923,Set,967,SRINAGAR,"Shipped - Returned to Seller"
406-4516210-3680350,kurta,549,KATIHAR,"Shipped - Returned to Seller"
405-7469305-0115504,Set,684,HYDERABAD,"Shipped - Returned to Seller"
408-9571896-1654722,kurta,419,CHENNAI,"Shipped - Returned to Seller"
408-9917660-0137138,Set,1149,SECUNDERABAD,"Shipped - Returned to Seller"
406-0227343-5709961,Top,540,Pune,"Shipped - Returned to Seller"
402-3868691-8260367,kurta,295,Indore,"Shipped - Returned to Seller"
402-0378624-3831552,kurta,329,"PAL CHAURAI","Shipped - Returned to Seller"
408-9324111-7319511,Top,540,AHMEDABAD,"Shipped - Returned to Seller"
171-9908326-9690759,Set,499,PUNE,"Shipped - Returned to Seller"
408-0572962-2259546,kurta,685,"NAVI MUMBAI","Shipped - Returned to Seller"
407-5394924-9121153,Set,597,Sawantwadi,"Shipped - Returned to Seller"
171-1475517-8405938,"Western Dress",899,SIDDHAUR,"Shipped - Returned to Seller"
403-0368542-2010725,Set,852,"NEW DELHI","Shipped - Returned to Seller"
405-7964100-9839530,"Ethnic Dress",999,BALANGIR,"Shipped - Returned to Seller"
408-3222761-4601908,Set,995,MUMBAI,"Shipped - Returned to Seller"
407-3661911-2893909,Set,1338,CHANDIGARH,"Shipped - Returned to Seller"
171-8464243-0487546,Set,563,HYDERABAD,"Shipped - Returned to Seller"
408-1575454-3263526,"Western Dress",690,CHENNAI,"Shipped - Returned to Seller"
171-7279221-8152349,Set,629,TIRUR,"Shipped - Returned to Seller"
402-7943675-2922734,Set,1463,Koraput,"Shipped - Returned to Seller"
403-5358661-0626714,kurta,459,POOTHAKKULAM,"Shipped - Returned to Seller"
171-8084196-6067563,kurta,517,GHAZIABAD,"Shipped - Returned to Seller"
408-6584068-5097909,kurta,459,HISAR,"Shipped - Returned to Seller"
405-6388122-6059534,kurta,475,"BINPUR I","Shipped - Returned to Seller"
405-8798943-8721115,kurta,544,Vemulawada,"Shipped - Returned to Seller"
404-1604636-8246751,kurta,299,Coimbatore,"Shipped - Returned to Seller"
171-7687960-9377156,Set,597,"NAVI MUMBAI","Shipped - Returned to Seller"
408-3755405-6899551,kurta,517,PATNA,"Shipped - Returned to Seller"
402-5174957-8962712,kurta,399,UDMA,"Shipped - Returned to Seller"
407-8712069-4234757,Set,824,MAHBUBNAGAR,"Shipped - Returned to Seller"
171-8190916-2689115,"Western Dress",625,KANGRA,"Shipped - Returned to Seller"
405-7372657-4128357,Set,759,HYDERABAD,"Shipped - Returned to Seller"
404-0605469-0913962,Set,654,Vaishali,"Shipped - Returned to Seller"
403-3393559-7745137,"Western Dress",453,AIZAWL,"Shipped - Returned to Seller"
171-4791946-1831507,Set,597,"NEW DELHI","Shipped - Returned to Seller"
406-4606011-6886766,kurta,399,PUNE,"Shipped - Returned to Seller"
408-1689943-3989117,kurta,517,HISAR,"Shipped - Returned to Seller"
402-2439676-0913919,kurta,318,SECUNDERABAD,"Shipped - Returned to Seller"
402-6415430-6668326,kurta,517,BANDIPUR,"Shipped - Returned to Seller"
405-2351529-1369942,Set,597,AZHIYUR,"Shipped - Returned to Seller"
171-2195627-2457933,Set,999,SRINAGAR,"Shipped - Returned to Seller"
402-9180739-9610724,Set,563,CHALAKUDY,"Shipped - Returned to Seller"
408-8201010-8353108,kurta,362,CHENNAI,"Shipped - Returned to Seller"
408-4041519-5343521,kurta,533,NADIA,"Shipped - Returned to Seller"
406-9682785-2315538,Set,1213,PUNE,"Shipped - Returned to Seller"
405-5829772-3017905,kurta,475,BENGALURU,"Shipped - Returned to Seller"
402-7954206-3729142,Set,563,Saoner,"Shipped - Returned to Seller"
405-6771850-3991520,Set,1432,faridabad,"Shipped - Returned to Seller"
404-4316254-8289930,Set,680,PUNE,"Shipped - Returned to Seller"
407-6366747-8833902,kurta,475,SANGAREDDY,"Shipped - Returned to Seller"
407-0717752-0599559,Set,725,BELAGAVI,"Shipped - Returned to Seller"
405-0860245-2285150,kurta,319,Guntur,"Shipped - Returned to Seller"
402-7245649-8137927,"Western Dress",744,Mumbai,"Shipped - Returned to Seller"
402-9521259-0941153,Set,1099,BENGALURU,"Shipped - Returned to Seller"
407-3083828-4153154,kurta,399,"Sangli Miraj Kupwad","Shipped - Returned to Seller"
408-6823642-2199501,kurta,534,PARAVAI,"Shipped - Returned to Seller"
402-0116330-3106749,kurta,487,KHARGONE,"Shipped - Returned to Seller"
408-4907492-1998704,kurta,484,Bharuch,"Shipped - Returned to Seller"
171-3078638-4611566,Set,654,DEHRADUN,"Shipped - Returned to Seller"
403-1123573-5461951,kurta,495,Kolaghat,"Shipped - Returned to Seller"
402-7354964-6098748,kurta,459,MANCHERIAL,"Shipped - Returned to Seller"
403-4375899-4275525,kurta,499,THANE,"Shipped - Returned to Seller"
408-7796750-4117112,Set,666,BENGALURU,"Shipped - Returned to Seller"
403-0703285-6953163,Set,969,RISHIKESH,"Shipped - Returned to Seller"
404-3031763-0340326,Set,852,HANUMANGARH,"Shipped - Returned to Seller"
404-5677177-3111532,Set,1115,NAMCHI,"Shipped - Returned to Seller"
405-7732970-3958760,Set,969,GHAZIABAD,"Shipped - Returned to Seller"
402-1852203-7640352,Set,1281,HYDERABAD,"Shipped - Returned to Seller"
402-2232127-3403549,kurta,442,"CHITTUR THATHAMANGALAM","Shipped - Returned to Seller"
403-9786387-7717140,Set,852,VISAKHAPATNAM,"Shipped - Returned to Seller"
403-1263567-8735508,Set,563,KANNIYAKUMARI,"Shipped - Returned to Seller"
171-7777080-3534769,kurta,363,BHUBANESWAR,"Shipped - Returned to Seller"
403-3977835-7477961,"Western Dress",665,MUMBAI,"Shipped - Returned to Seller"
408-9401250-1287515,Set,1099,Pune,"Shipped - Returned to Seller"
403-8705524-1071507,"Western Dress",625,AMRITSAR,"Shipped - Returned to Seller"
407-9230154-1549143,kurta,475,KOLKATA,"Shipped - Returned to Seller"
407-6562161-8597124,kurta,579,CUTTACK,"Shipped - Returned to Seller"
405-4633739-0529165,kurta,499,KOLKATA,"Shipped - Returned to Seller"
407-3081973-1148319,Set,888,"GANJ DUNDWARA","Shipped - Returned to Seller"
403-7640402-0245114,Set,1133,PATNA,"Shipped - Returned to Seller"
403-8680645-1872330,kurta,459,Hyderabad,"Shipped - Returned to Seller"
405-2128944-2588339,Set,654,PUNE,"Shipped - Returned to Seller"
406-4002334-0825925,"Western Dress",825,JAMSHEDPUR,"Shipped - Returned to Seller"
407-7942329-7922707,Set,1099,BENGALURU,"Shipped - Returned to Seller"
403-3494997-7405950,kurta,316,PUDUCHERRY,"Shipped - Returned to Seller"
405-0393721-1615527,Set,692,Srinagar,"Shipped - Returned to Seller"
171-2996437-0019527,kurta,517,SIRCILLA,"Shipped - Returned to Seller"
407-4501271-1234753,"Western Dress",885,NAGAON,"Shipped - Returned to Seller"
407-0489263-9354761,Set,999,GURUGRAM,"Shipped - Returned to Seller"
407-2834376-0517937,kurta,517,KASARAGOD,"Shipped - Returned to Seller"
407-7866957-3781935,Set,684,MANDI,"Shipped - Returned to Seller"
403-0207606-4232346,kurta,399,NELLORE,"Shipped - Returned to Seller"
402-4323261-9243548,"Western Dress",807,GHAZIABAD,"Shipped - Returned to Seller"
405-5148693-8272366,kurta,399,NASHIK,"Shipped - Returned to Seller"
408-6289352-1021968,Set,1115,Aligarh,"Shipped - Returned to Seller"
407-5019778-5987501,kurta,345,"SONAPUR GAON","Shipped - Returned to Seller"
171-1221873-4417966,Set,599,"Thane west","Shipped - Returned to Seller"
406-0517911-4432318,Top,540,DEHRADUN,"Shipped - Returned to Seller"
403-2737521-6353908,kurta,353,"Sikandra rao","Shipped - Returned to Seller"
407-7233247-9837166,kurta,495,MALAPPURAM,"Shipped - Returned to Seller"
171-1675634-2128325,Set,1204,CHENNAI,"Shipped - Returned to Seller"
402-4714743-6075528,"Western Dress",725,TEZPUR,"Shipped - Returned to Seller"
406-8309596-2073900,"Ethnic Dress",845,HYDERABAD,"Shipped - Returned to Seller"
405-7025552-6291514,Set,696,"Chikamagulur district","Shipped - Returned to Seller"
403-0366777-4735529,Set,525,GURUGRAM,"Shipped - Returned to Seller"
408-3129496-7261134,Top,599,MOONNIYUR,"Shipped - Returned to Seller"
405-5046877-1861168,kurta,342,NELLORE,"Shipped - Returned to Seller"
403-5049394-2879569,Set,852,Saligrama,"Shipped - Returned to Seller"
402-5763860-4857921,kurta,517,PADRAUNA,"Shipped - Returned to Seller"
171-3247180-6243518,"Western Dress",625,AMRITSAR,"Shipped - Returned to Seller"
171-7104358-7793964,Top,518,KOLKATA,"Shipped - Returned to Seller"
404-6848265-1560358,Top,523,BARASAT,"Shipped - Returned to Seller"
405-2387799-3017957,kurta,487,BENGALURU,"Shipped - Returned to Seller"
171-1378949-0890755,Set,696,THANE,"Shipped - Returned to Seller"
408-6541761-0392366,Set,888,"NEW DELHI","Shipped - Returned to Seller"
171-3009415-1720344,Set,684,JORHAT,"Shipped - Returned to Seller"
404-2402592-2469908,Set,654,"LMS junction,Attingal,Trivandrum","Shipped - Returned to Seller"
405-7319867-6145102,Set,666,KAMAREDDY,"Shipped - Returned to Seller"
406-8914416-7534711,Set,999,NAGPUR,"Shipped - Returned to Seller"
402-3604771-7931526,kurta,291,CHENNAI,"Shipped - Returned to Seller"
405-9551404-0505117,Set,1099,PITHORAGARH,"Shipped - Returned to Seller"
171-6685519-3162702,Top,545,"PIMPRI CHINCHWAD","Shipped - Returned to Seller"
407-5627278-0623562,Set,582,FARIDABAD,"Shipped - Returned to Seller"
406-9632919-5553944,Set,916,MARIGAON,"Shipped - Returned to Seller"
403-4577277-5051509,kurta,562,AHMEDABAD,"Shipped - Returned to Seller"
402-5793741-8523554,Set,626,Dhanbad,"Shipped - Returned to Seller"
408-1244865-8221118,"Western Dress",744,PERINTHALMANNA,"Shipped - Returned to Seller"
404-2734682-0757158,"Western Dress",885,GUWAHATI,"Shipped - Returned to Seller"
404-0846545-4343563,kurta,533,TALIKOTA,"Shipped - Returned to Seller"
407-8125415-4756322,Set,888,"NEW DELHI","Shipped - Returned to Seller"
402-9688506-1085969,Set,1099,Jabalpur,"Shipped - Returned to Seller"
404-6500528-6337929,"Western Dress",859,PUNE,"Shipped - Returned to Seller"
408-0341098-0750713,kurta,295,HYDERABAD,"Shipped - Returned to Seller"
408-0324996-7165165,kurta,353,Konavattam,"Shipped - Returned to Seller"
407-7444718-4046736,Set,597,JAMSHEDPUR,"Shipped - Returned to Seller"
404-2133920-8708322,kurta,549,ANAPARTHY,"Shipped - Returned to Seller"
406-7471935-4885147,Set,1221,BHIWANI,"Shipped - Returned to Seller"
405-6863302-9585169,kurta,295,CHENNAI,"Shipped - Returned to Seller"
402-9644154-6466706,"Western Dress",744,"NEW DELHI","Shipped - Returned to Seller"
408-8190157-6023560,Top,0,Dalhousie,"Shipped - Returned to Seller"
403-8409675-5935538,Set,696,GHAZIABAD,"Shipped - Returned to Seller"
171-7920693-5381136,kurta,549,MUMBAI,"Shipped - Returned to Seller"
402-3591311-9805118,kurta,685,NIZAMABAD,"Shipped - Returned to Seller"
404-1500003-2290719,Top,463,"NEW DELHI","Shipped - Returned to Seller"
406-0004667-9463525,"Western Dress",859,SIDLAGHATTA,"Shipped - Returned to Seller"
408-6751120-7268354,Set,852,"NEW DELHI","Shipped - Returned to Seller"
408-8632965-1144365,kurta,487,"NEW DELHI","Shipped - Returned to Seller"
405-6047326-7790733,Set,1186,KESINGA,"Shipped - Returned to Seller"
407-4477555-5374700,"Western Dress",744,RANCHI,"Shipped - Returned to Seller"
407-7618988-7372343,Set,654,HYDERABAD,"Shipped - Returned to Seller"
407-0010693-3459568,kurta,517,"NAVI MUMBAI","Shipped - Returned to Seller"
406-1292593-2089908,Set,666,HYDERABAD,"Shipped - Returned to Seller"
408-6504847-3620351,kurta,368,REWA,"Shipped - Returned to Seller"
408-2977042-9756314,kurta,357,ALIGARH,"Shipped - Returned to Seller"
405-5438276-5641155,Set,657,NAUGACHHIA,"Shipped - Returned to Seller"
171-6683623-2709143,kurta,499,MUMBAI,"Shipped - Returned to Seller"
403-6508394-8725110,kurta,399,BHUBANESWAR,"Shipped - Returned to Seller"
406-6184203-4412353,"Western Dress",690,Bengaluru,"Shipped - Returned to Seller"
406-5946290-6386716,Set,1186,BURDWAN,"Shipped - Returned to Seller"
408-4925494-9809113,Set,582,UNNAO,"Shipped - Returned to Seller"
406-5856549-7992311,kurta,476,Faridabad,"Shipped - Returned to Seller"
402-7739412-6117164,kurta,549,bhawanipatna,"Shipped - Returned to Seller"
403-0032274-6751564,Set,597,SHIVAMOGGA,"Shipped - Returned to Seller"
408-8475308-5941931,Set,699,NOIDA,"Shipped - Returned to Seller"
402-8935180-5991563,kurta,487,TEZPUR,"Shipped - Returned to Seller"
402-7453333-6778710,kurta,458,TEZPUR,"Shipped - Returned to Seller"
408-1702547-8015536,Set,1186,JOWAI,"Shipped - Returned to Seller"
406-0412244-3880339,Set,654,AURANGABAD,"Shipped - Returned to Seller"
405-6998109-2669155,Set,1338,DEHRADUN,"Shipped - Returned to Seller"
406-3048523-7501142,kurta,399,"NEW Delhi","Shipped - Returned to Seller"
404-4092491-3691559,Set,654,DUMKA,"Shipped - Returned to Seller"
404-5456765-6611507,kurta,329,Bangalore,"Shipped - Returned to Seller"
404-6225324-8433109,kurta,499,HYDERABAD,"Shipped - Returned to Seller"
407-4458302-3532355,Set,657,Kasargod,"Shipped - Returned to Seller"
404-9565260-2340329,Set,625,JEHANABAD,"Shipped - Returned to Seller"
406-1914519-9593967,Set,680,RAIPUR,"Shipped - Returned to Seller"
403-7325929-2331519,Set,626,HYDERABAD,"Shipped - Returned to Seller"
403-8095902-0856331,kurta,399,ZIRAKPUR,"Shipped - Returned to Seller"
408-9710965-7003514,kurta,399,"NEW DELHI","Shipped - Returned to Seller"
404-2615605-3896336,Set,626,"NEW DELHI","Shipped - Returned to Seller"
403-3372324-5561152,kurta,316,NASHIK,"Shipped - Returned to Seller"
404-4986533-9217924,"Western Dress",744,Pune,"Shipped - Returned to Seller"
404-6771693-5756328,Top,359,AHMEDABAD,"Shipped - Returned to Seller"
406-8892297-9341969,kurta,399,"NEW DELHI","Shipped - Returned to Seller"
406-6814507-3675512,"Western Dress",885,SECUNDERABAD,"Shipped - Returned to Seller"
407-1524902-5188312,Set,597,JODHPUR,"Shipped - Returned to Seller"
171-2780875-1079552,Set,715,LAKHISARAI,"Shipped - Returned to Seller"
404-5208792-6499529,kurta,487,KANPUR,"Shipped - Returned to Seller"
407-8396405-7463515,Set,597,HYDERABAD,"Shipped - Returned to Seller"
406-1286550-0990737,Set,1115,PUNE,"Shipped - Returned to Seller"
408-3517099-8934705,Set,571,RANCHI,"Shipped - Returned to Seller"
404-8679563-6735530,"Western Dress",899,Mumbai,"Shipped - Returned to Seller"
405-1918024-3385133,kurta,376,Vijayawada,"Shipped - Returned to Seller"
406-7815396-9421119,"Western Dress",690,MYSORE,"Shipped - Returned to Seller"
407-3496249-1809925,kurta,442,Kanniyakumari,"Shipped - Returned to Seller"
171-1572951-7203522,kurta,471,HYDERABAD,"Shipped - Returned to Seller"
403-0981712-9337127,"Western Dress",443,PATNA,"Shipped - Returned to Seller"
406-7717390-4785102,Set,1369,BIHPURIA,"Shipped - Returned to Seller"
403-5192195-4917142,Set,1432,SIWAN,"Shipped - Returned to Seller"
404-5409027-9044368,kurta,459,HYDERABAD,"Shipped - Returned to Seller"
406-7442291-8933112,"Western Dress",690,GUWAHATI,"Shipped - Returned to Seller"
171-9442522-0857108,kurta,599,HYDERABAD,"Shipped - Returned to Seller"
405-5526126-4704362,kurta,357,TIRUPATI,"Shipped - Returned to Seller"
404-6380793-3880308,kurta,458,KOLKATA,"Shipped - Returned to Seller"
408-0300461-9675528,kurta,475,THRIPPUNITHURA,"Shipped - Returned to Seller"
408-7971836-9697921,Set,825,Hyderabad,"Shipped - Returned to Seller"
405-8255012-6908357,kurta,399,SATARA,"Shipped - Returned to Seller"
403-2352493-6876318,Set,659,KODAD,"Shipped - Returned to Seller"
404-4340890-6441935,kurta,495,VIJAYAPURa,"Shipped - Returned to Seller"
408-7108846-5008345,kurta,442,TENKASI,"Shipped - Returned to Seller"
402-4502484-6487547,kurta,475,THRIPPUNITHURA,"Shipped - Returned to Seller"
171-2183881-2784302,Set,799,JORHAT,"Shipped - Returned to Seller"
407-7332699-9829127,Set,684,"NEW DELHI","Shipped - Returned to Seller"
408-4215813-7590722,kurta,0,NAVELIM,"Shipped - Returned to Seller"
404-0835255-4457942,kurta,291,SINGRAULI,"Shipped - Returned to Seller"
408-7507580-1049908,kurta,499,PUTTUR,"Shipped - Returned to Seller"
171-2811429-1482764,kurta,399,PUNE,"Shipped - Returned to Seller"
402-0363207-4377949,Set,1186,KOLKATA,"Shipped - Returned to Seller"
406-0362574-0345908,kurta,487,"GREATER NOIDA","Shipped - Returned to Seller"
404-5063985-4861940,Set,666,CHENNAI,"Shipped - Returned to Seller"
408-2521576-0292342,kurta,368,CHENNAI,"Shipped - Returned to Seller"
404-6216776-5269102,Set,799,GANGTOK,"Shipped - Returned to Seller"
171-6939221-5973917,Set,939,SILCHAR,"Shipped - Returned to Seller"
404-6495397-4071556,"Western Dress",807,PUNE,"Shipped - Returned to Seller"
405-9732532-5175528,Set,545,HYDERABAD,"Shipped - Returned to Seller"
171-5258164-5920331,Set,999,VARANASI,"Shipped - Returned to Seller"
404-5277828-0055525,kurta,399,CHANDRAPUR,"Shipped - Returned to Seller"
405-9975222-9792302,kurta,329,GORAKHPUR,"Shipped - Returned to Seller"
408-0353047-5709121,kurta,459,PUDUCHERRY,"Shipped - Returned to Seller"
171-3310368-9141966,kurta,424,AMRITSAR,"Shipped - Returned to Seller"
408-7059216-9006707,Set,1115,LEH,"Shipped - Returned to Seller"
408-6039036-4254765,kurta,295,VAZHAPADI,"Shipped - Returned to Seller"
403-6928574-0287545,kurta,471,"MUNIYAPPAN KOVIL","Shipped - Returned to Seller"
402-9759104-3941967,kurta,399,Hyderabad,"Shipped - Returned to Seller"
406-3523961-2109931,Set,1099,LUCKNOW,"Shipped - Returned to Seller"
406-9126608-0817132,kurta,399,Lucknow,"Shipped - Returned to Seller"
407-8823145-8629130,Set,626,"New Delhi","Shipped - Returned to Seller"
403-7116469-0744344,Set,654,PUNE,"Shipped - Returned to Seller"
405-0143232-5352373,kurta,329,NAWABGANJ,"Shipped - Returned to Seller"
402-0714511-8179554,kurta,399,AMRAVATI,"Shipped - Returned to Seller"
408-9531373-0623556,Set,654,SOHAWAL,"Shipped - Returned to Seller"
405-7071712-2244324,Set,824,GHAZIABAD,"Shipped - Returned to Seller"
405-6176806-8961936,Set,631,THALASSERY,"Shipped - Returned to Seller"
404-7930123-9213942,kurta,442,SRIVILLIPUTHUR,"Shipped - Returned to Seller"
404-7134104-1875558,kurta,459,"NEW DELHI","Shipped - Returned to Seller"
406-8100768-0782739,Set,788,AJMER,"Shipped - Returned to Seller"
171-2268167-1901926,kurta,319,DURGAPUR,"Shipped - Returned to Seller"
407-2475811-3798704,"Ethnic Dress",845,PUNE,"Shipped - Returned to Seller"
405-1643557-5540352,Set,1186,HYDERABAD,"Shipped - Returned to Seller"
406-8828556-2303540,"Ethnic Dress",845,BENGALURU,"Shipped - Returned to Seller"
171-3869495-6438708,kurta,399,PUNE,"Shipped - Returned to Seller"
171-6250995-3457912,Blouse,545,DALTONGANJ,"Shipped - Returned to Seller"
403-5040616-1044331,kurta,442,HYDERABAD,"Shipped - Returned to Seller"
403-2606886-9556366,kurta,521,AURANGABAD,"Shipped - Returned to Seller"
404-0207604-1545902,Set,629,KOLKATA,"Shipped - Returned to Seller"
405-2647836-0129151,kurta,477,VARANASI,"Shipped - Returned to Seller"
408-1905388-2930746,Set,654,REWA,"Shipped - Returned to Seller"
403-6651704-9491509,"Western Dress",791,Canacona,"Shipped - Returned to Seller"
403-4691124-8050723,Set,654,LAWAN,"Shipped - Returned to Seller"
404-9569609-8524303,kurta,459,Wadakkanchery,"Shipped - Returned to Seller"
407-3613348-4525927,kurta,517,KAILASAGIRI,"Shipped - Returned to Seller"
171-6331517-9146707,Set,631,MAPUSA,"Shipped - Returned to Seller"
171-4168364-0312362,Set,597,ERNAKULAM,"Shipped - Returned to Seller"
171-4872393-3939512,kurta,376,KOLKATA,"Shipped - Returned to Seller"
171-3657676-9718719,kurta,259,Bengaluru,"Shipped - Returned to Seller"
408-3577823-6717958,Set,0,BUDAUN,"Shipped - Returned to Seller"
403-1248026-9916318,kurta,280,VIJAYAPURA,"Shipped - Returned to Seller"
404-1510324-3526720,kurta,280,"Navi mumbai","Shipped - Returned to Seller"
403-9439647-9328330,Set,999,LUCKNOW,"Shipped - Returned to Seller"
403-2634140-6992322,Set,666,Lucknow,"Shipped - Returned to Seller"
402-6970698-2139534,kurta,517,GUNA,"Shipped - Returned to Seller"
402-5713178-1390752,Set,666,SIBSAGAR,"Shipped - Returned to Seller"
403-6223397-1048368,kurta,316,BENGALURU,"Shipped - Returned to Seller"
402-0803057-3015511,kurta,399,AMRAVATI,"Shipped - Returned to Seller"
404-2223740-9469921,Set,666,korba,"Shipped - Returned to Seller"
406-9384850-5527550,Set,788,PILKHUWA,"Shipped - Returned to Seller"
405-4355371-1641152,Set,939,BIRPUR,"Shipped - Returned to Seller"
405-8979573-4466719,kurta,399,"ATCHUTAPURAM APSEZ","Shipped - Returned to Seller"
403-7204458-8488368,kurta,399,DHANBAD,"Shipped - Returned to Seller"
407-1678063-0801118,kurta,442,PERIYAKULAM,"Shipped - Returned to Seller"
403-0135589-7370738,kurta,459,BAGALKOT,"Shipped - Returned to Seller"
408-3129885-1322744,"Western Dress",744,HYDERABAD,"Shipped - Returned to Seller"
404-2231192-9677907,kurta,442,HYDERABAD,"Shipped - Returned to Seller"
404-4831089-2942766,kurta,568,KAKINADA,"Shipped - Returned to Seller"
403-4983317-9507526,Set,654,JAMSHEDPUR,"Shipped - Returned to Seller"
406-9543683-1873159,kurta,499,"Hyderabad,Rangareddy","Shipped - Returned to Seller"
406-4136966-1190744,Set,1238,JODHPUR,"Shipped - Returned to Seller"
403-0715003-2680356,Set,968,BENGALURU,"Shipped - Returned to Seller"
406-7528849-8827544,kurta,568,RAJPURA,"Shipped - Returned to Seller"
408-2775140-7351536,kurta,0,BENGALURU,"Shipped - Returned to Seller"
406-8757547-3825949,kurta,459,"NEW DELHI","Shipped - Returned to Seller"
171-3152318-3946751,kurta,319,BENGALURU,"Shipped - Returned to Seller"
408-7714580-9284353,kurta,399,RANCHI,"Shipped - Returned to Seller"
406-2582034-3186753,kurta,399,"NEW DELHI","Shipped - Returned to Seller"
171-4081022-9982717,kurta,442,BENGALURU,"Shipped - Returned to Seller"
406-1613265-4674739,Set,759,GHAZIABAD,"Shipped - Returned to Seller"
405-1527513-2161165,Set,563,BENGALURU,"Shipped - Returned to Seller"
402-1439019-9143563,kurta,353,CHERTHALA,"Shipped - Returned to Seller"
408-5299779-6557925,"Western Dress",0,YELLAPUR,"Shipped - Returned to Seller"
407-1372883-1182740,Set,759,GHAZIABAD,"Shipped - Returned to Seller"
408-6696836-3927518,Set,0,BENGALURU,"Shipped - Returned to Seller"
171-1619622-8479560,kurta,249,KHAMGAON,"Shipped - Returned to Seller"
404-0762806-6152307,Set,1126,JAYGAON,"Shipped - Returned to Seller"
407-8146359-0277140,Set,597,HYDERABAD,"Shipped - Returned to Seller"
403-7556004-1624331,kurta,376,THODUPUZHA,"Shipped - Returned to Seller"
407-5282945-9237900,Set,968,ARARIA,"Shipped - Returned to Seller"
407-2950626-6905931,kurta,487,INDORE,"Shipped - Returned to Seller"
407-4547249-5332344,Set,1432,"NEW DELHI","Shipped - Returned to Seller"
403-1016739-0829162,kurta,376,HYDERABAD,"Shipped - Returned to Seller"
403-1354739-8545138,kurta,459,THANE,"Shipped - Returned to Seller"
408-1104636-4734731,Set,654,BANGALORE,"Shipped - Returned to Seller"
171-0754314-1465110,Top,574,"GREATER NOIDA","Shipped - Returned to Seller"
408-0706322-3054754,Set,1338,UTEKHOL,"Shipped - Returned to Seller"
402-4389666-0070742,Set,654,NOIDA,"Shipped - Returned to Seller"
404-0038046-1229108,kurta,399,VELLORE,"Shipped - Returned to Seller"
402-1218121-6824300,kurta,517,Pune,"Shipped - Returned to Seller"
402-2028887-6263526,Set,654,"NEW DELHI","Shipped - Returned to Seller"
407-5612216-3516355,kurta,475,hyderabad,"Shipped - Returned to Seller"
405-3830887-5565167,kurta,280,VISAKHAPATNAM,"Shipped - Returned to Seller"
171-5147339-4641960,"Western Dress",744,VIJAYAWADA,"Shipped - Returned to Seller"
171-2250754-1509934,kurta,352,Bengaluru,"Shipped - Returned to Seller"
403-5067258-5726765,Set,654,CHENNAI,"Shipped - Returned to Seller"
407-3630750-1059540,Set,680,Thane,"Shipped - Returned to Seller"
171-3526422-7889117,Set,909,"NEW DELHI","Shipped - Returned to Seller"
405-1953278-6913913,kurta,299,DEHRADUN,"Shipped - Returned to Seller"
171-7009405-6535504,Set,737,CUTTACK,"Shipped - Returned to Seller"
171-1167691-1858718,Set,1186,"MOHADI MIDC","Shipped - Returned to Seller"
405-6238150-8494738,Set,1213,GURUGRAM,"Shipped - Returned to Seller"
407-3262396-3252326,"Ethnic Dress",845,FARIDABAD,"Shipped - Returned to Seller"
404-8658542-9180343,kurta,495,KANPUR,"Shipped - Returned to Seller"
402-1771484-6157965,"Western Dress",771,AHMEDABAD,"Shipped - Returned to Seller"
404-8822144-4320354,Set,657,MUMBAI,"Shipped - Returned to Seller"
403-6055577-0506712,Set,597,GUWAHATI,"Shipped - Returned to Seller"
406-7043703-1425928,kurta,299,SENDHWA,"Shipped - Returned to Seller"
406-1960296-9268317,kurta,399,JEYPUR,"Shipped - Returned to Seller"
404-5937608-8991512,Set,654,JAIPUR,"Shipped - Returned to Seller"
404-5249044-9272333,"Western Dress",791,KARIMGANJ,"Shipped - Returned to Seller"
406-5921370-3882726,kurta,487,HOWRAH,"Shipped - Returned to Seller"
407-3339502-7011561,kurta,295,DEHRADUN,"Shipped - Returned to Seller"
403-3383588-2111534,kurta,442,UDUPI,"Shipped - Returned to Seller"
407-8121905-0884330,kurta,442,LUDHIANA,"Shipped - Returned to Seller"
171-8013908-1085153,Set,1213,SHAHBAD,"Shipped - Returned to Seller"
171-6258725-5356366,kurta,517,Raigarh,"Shipped - Returned to Seller"
405-4578062-4113138,Top,339,BENGALURU,"Shipped - Returned to Seller"
406-3109490-0831529,Set,788,Amritsar,"Shipped - Returned to Seller"
405-0159359-0457166,Set,597,CHENNAI,"Shipped - Returned to Seller"
404-9132049-6387555,Set,852,MUZAFFARPUR,"Shipped - Returned to Seller"
403-2627202-7371562,"Western Dress",721,VADODARA,"Shipped - Returned to Seller"
408-4980066-7806767,Set,696,PUNE,"Shipped - Returned to Seller"
403-5773515-5931561,"Western Dress",899,PUNE,"Shipped - Returned to Seller"
405-8853229-2480330,kurta,459,CHENNAI,"Shipped - Returned to Seller"
402-1241333-4424352,kurta,368,TIRUVALLUR,"Shipped - Returned to Seller"
405-9759857-5318753,Top,298,THANE,"Shipped - Returned to Seller"
408-8678256-9839515,kurta,357,KAKKALUR,"Shipped - Returned to Seller"
404-7400566-0621911,kurta,487,VAPI,"Shipped - Returned to Seller"
171-2680166-9107539,kurta,459,GUNTUR,"Shipped - Returned to Seller"
408-7904305-3105932,kurta,0,KOLKATA,"Shipped - Returned to Seller"
407-5570361-5847534,Set,1115,GIRIDIH,"Shipped - Returned to Seller"
408-1116085-5229930,Set,1126,BHUBANESWAR,"Shipped - Returned to Seller"
408-1689072-4383500,Set,654,CHIKKAMAGALURU,"Shipped - Returned to Seller"
402-2553003-3253913,kurta,442,BHUBANESWAR,"Shipped - Returned to Seller"
402-4352904-6693965,Top,563,HYDERABAD,"Shipped - Returned to Seller"
402-8315180-3799503,kurta,353,BENGALURU,"Shipped - Returned to Seller"
407-2351979-6584307,kurta,363,"NEW DELHI","Shipped - Returned to Seller"
171-0682430-9461910,Set,696,Namakkal,"Shipped - Returned to Seller"
405-6867561-2585911,"Western Dress",744,MADURAI,"Shipped - Returned to Seller"
407-1838627-8280369,Set,1099,KOLKATA,"Shipped - Returned to Seller"
171-2341878-9531544,kurta,487,KARIMNAGAR,"Shipped - Returned to Seller"
404-1010293-1562714,Set,751,Sirka,"Shipped - Returned to Seller"
403-4445949-1152359,Blouse,419,Bordi,"Shipped - Returned to Seller"
403-3351335-2852344,Set,788,SHAHJAHANPUR,"Shipped - Returned to Seller"
407-4543140-4504369,Set,666,"NEW DELHI","Shipped - Returned to Seller"
407-5450544-6131545,kurta,399,BHIWADI,"Shipped - Returned to Seller"
406-4361989-7730706,kurta,368,BIKANER,"Shipped - Returned to Seller"
406-4548198-9063505,kurta,368,GURUGRAM,"Shipped - Returned to Seller"
402-6497921-4545942,kurta,399,MANMAD,"Shipped - Returned to Seller"
408-4213471-1023560,kurta,487,PATNA,"Shipped - Returned to Seller"
406-4156249-3716358,kurta,568,"NEW DELHI","Shipped - Returned to Seller"
171-4499370-3185926,kurta,459,Bengaluru,"Shipped - Returned to Seller"
405-4809951-3709147,Set,696,Patna,"Shipped - Returned to Seller"
403-7255302-4621966,kurta,376,"TIRUPATHUR SIVAGANGA DISTRICT","Shipped - Returned to Seller"
406-8677632-6566700,Set,654,SHIKARPUR,"Shipped - Returned to Seller"
171-2335147-4693911,"Western Dress",744,PATNA,"Shipped - Returned to Seller"
408-9042827-6345159,kurta,435,MATTANNUR,"Shipped - Returned to Seller"
404-4338916-8025909,Top,545,NIZAMABAD,"Shipped - Returned to Seller"
408-3779207-7305115,Set,1648,BURLA,"Shipped - Returned to Seller"
407-6626359-9495567,Set,788,MAINPURI,"Shipped - Returned to Seller"
408-9511061-5805131,Set,551,MUMBAI,"Shipped - Returned to Seller"
407-2081512-0617137,kurta,319,BANGALORE,"Shipped - Returned to Seller"
408-1080453-2319547,Blouse,545,HOSUR,"Shipped - Returned to Seller"
403-3308533-0209908,kurta,725,Faizabad,"Shipped - Returned to Seller"
407-9232674-3528308,Set,759,PUNE,"Shipped - Returned to Seller"
405-1623561-6588360,Set,909,THANE,"Shipped - Returned to Seller"
171-1500385-6501149,Set,551,HYDERABAD,"Shipped - Returned to Seller"
406-1238954-1979556,Top,493,BENGALURU,"Shipped - Returned to Seller"
404-7443463-5988330,kurta,399,MORADABAD,"Shipped - Returned to Seller"
405-0851482-8246716,kurta,399,GAYA,"Shipped - Returned to Seller"
404-1861947-2472310,kurta,376,CHENNAI,"Shipped - Returned to Seller"
402-2147149-0281943,kurta,399,BALACHAUR,"Shipped - Returned to Seller"
171-2348085-9777951,Set,888,"SAWAI MADHOPUR","Shipped - Returned to Seller"
407-9436382-9564368,kurta,376,"NEW DELHI","Shipped - Returned to Seller"
171-9977359-0535535,Set,613,JALOR,"Shipped - Returned to Seller"
403-8890030-4341116,kurta,368,NAGPUR,"Shipped - Returned to Seller"
405-6579555-3575559,"Western Dress",744,BENGALURU,"Shipped - Returned to Seller"
171-8148530-6441902,Set,568,Thiruvallur,"Shipped - Returned to Seller"
408-8274107-5985948,kurta,499,FARIDABAD,"Shipped - Returned to Seller"
408-5099953-6290702,kurta,362,PUNNAPARA,"Shipped - Returned to Seller"
403-3153816-3127562,kurta,399,INDORE,"Shipped - Returned to Seller"
402-8657269-5009118,kurta,475,Pune,"Shipped - Returned to Seller"
406-9756818-0813152,kurta,376,"MURWARA KATNI","Shipped - Returned to Seller"
171-9641270-4640339,Set,696,CHENNAI,"Shipped - Returned to Seller"
403-2317478-1334753,kurta,568,7BARASAT,"Shipped - Returned to Seller"
404-8313020-0313902,Set,856,"PORT BLAIR","Shipped - Returned to Seller"
406-8855448-6827538,Set,597,BHAGALPUR,"Shipped - Returned to Seller"
171-7619034-4438744,Set,736,BURLA,"Shipped - Returned to Seller"
407-8633096-3730747,Set,548,GUWAHATI,"Shipped - Returned to Seller"
406-0082631-5238700,kurta,459,KUSHALANAGARA,"Shipped - Returned to Seller"
408-4778650-3297103,kurta,475,Ponda,"Shipped - Returned to Seller"
406-6664589-3941969,kurta,487,"N. Paravur","Shipped - Returned to Seller"
405-7368243-2465151,kurta,459,GHAZIABAD,"Shipped - Returned to Seller"
407-9905305-5509911,Set,654,KOLKATA,"Shipped - Returned to Seller"
403-5648213-8478762,kurta,635,SHIMLA,"Shipped - Returned to Seller"
407-6300322-2873115,kurta,487,VIDISHA,"Shipped - Returned to Seller"
405-0495372-0654732,kurta,318,MORADABAD,"Shipped - Returned to Seller"
406-1285058-3613149,kurta,259,SIVAGANGA,"Shipped - Returned to Seller"
402-6484740-3174708,Top,387,"GREATER NOIDA","Shipped - Returned to Seller"
171-4979654-5745102,Set,968,GHAZIABAD,"Shipped - Returned to Seller"
171-1385461-0801937,Set,1186,BENGALURU,"Shipped - Returned to Seller"
405-7056416-0968321,kurta,517,GHAZIABAD,"Shipped - Returned to Seller"
408-8327628-9317946,kurta,487,Barabanki,"Shipped - Returned to Seller"
403-9878364-1245930,kurta,399,JAIPUR,"Shipped - Returned to Seller"
407-8520967-2776344,kurta,357,JAUNPUR,"Shipped - Returned to Seller"
405-3022838-9688329,Top,279,"MIRZAPUR CUM VINDHYACHAL","Shipped - Returned to Seller"
407-5424914-5922758,kurta,349,Chennai,"Shipped - Returned to Seller"
407-0541398-6322729,kurta,579,BARAMATI,"Shipped - Returned to Seller"
408-3782473-3447500,Set,999,MUMBAI,"Shipped - Returned to Seller"
404-3269570-9637969,Set,788,"NEW DELHI","Shipped - Returned to Seller"
402-0036362-5115522,Set,737,ALIGARH,"Shipped - Returned to Seller"
402-6260495-4287514,kurta,725,MODINAGAR,"Shipped - Returned to Seller"
404-4190010-1080320,kurta,399,TENKASI,"Shipped - Returned to Seller"
171-9367774-1327527,Set,599,BASTI,"Shipped - Returned to Seller"
403-1036340-5694726,"Western Dress",744,ANANTAPUR,"Shipped - Returned to Seller"
404-7479679-8664324,Set,999,TEGHRA,"Shipped - Returned to Seller"
406-5170024-5026749,kurta,725,UTTARKASHI,"Shipped - Returned to Seller"
171-6721603-4866740,Set,788,BERHAMPUR,"Shipped - Returned to Seller"
402-1920195-4323508,Set,631,KHARGONE,"Shipped - Returned to Seller"
407-3223966-1797939,kurta,376,Chennai,"Shipped - Returned to Seller"
404-2232823-9621120,Set,631,Lucknow,"Shipped - Returned to Seller"
407-0018134-1965922,Set,939,Zirakpur,"Shipped - Returned to Seller"
171-3838918-9526702,"Western Dress",725,GOLAGHAT,"Shipped - Returned to Seller"
403-2844625-7813105,"Western Dress",744,BENGALURU,"Shipped - Returned to Seller"
171-4565276-8497122,Set,631,MANGALBARI,"Shipped - Returned to Seller"
404-0261333-7928336,Set,824,REWA,"Shipped - Returned to Seller"
405-6546335-6193952,kurta,635,Ulhasnagar,"Shipped - Returned to Seller"
403-8010238-8842704,"Western Dress",413,GURUGRAM,"Shipped - Returned to Seller"
402-0692831-3706748,"Western Dress",725,Thodupuzha,"Shipped - Returned to Seller"
402-6702100-7257107,kurta,319,Nallasopara,"Shipped - Returned to Seller"
407-0131231-1980322,Set,999,LUCKNOW,"Shipped - Returned to Seller"
402-4700322-7377926,Set,635,KOLKATA,"Shipped - Returned to Seller"
404-1092399-0229128,Set,597,PUNE,"Shipped - Returned to Seller"
402-7163849-6357160,"Western Dress",658,JODHPUR,"Shipped - Returned to Seller"
407-2696952-4496353,Set,654,MEERUT,"Shipped - Returned to Seller"
407-8863009-7029160,Set,496,NAGAUR,"Shipped - Returned to Seller"
404-0915050-8994707,Top,599,Guwahati,"Shipped - Returned to Seller"
402-9822747-1695509,"Western Dress",725,UDUPI,"Shipped - Returned to Seller"
403-9124078-0215546,Set,654,DEHRADUN,"Shipped - Returned to Seller"
406-5627675-2622734,Set,648,AMBALA,"Shipped - Returned to Seller"
402-5994562-4413152,"Western Dress",744,"Fatehgarh Panjtoor","Shipped - Returned to Seller"
403-9065362-7267545,"Ethnic Dress",845,VARANASI,"Shipped - Returned to Seller"
408-2633521-9125911,Set,666,BHUBANESWAR,"Shipped - Returned to Seller"
404-5462211-6965126,"Western Dress",725,BENGALURU,"Shipped - Returned to Seller"
403-9326035-9206751,kurta,459,VISAKHAPATNAM,"Shipped - Returned to Seller"
408-3697381-1299504,kurta,562,BALLEPALLE,"Shipped - Returned to Seller"
408-0263159-4320328,Set,1115,"SINDKHED RAJA","Shipped - Returned to Seller"
403-0195090-0359513,Set,1186,BENGALURU,"Shipped - Returned to Seller"
408-4805720-2828314,Set,788,FARIDABAD,"Shipped - Rejected by Buyer"
408-3714219-0253939,Set,999,"PAONTA SAHIB","Shipped - Returned to Seller"
405-6130966-3411567,"Western Dress",744,PANAJI,"Shipped - Returned to Seller"
402-7209804-2247548,Set,568,KOLKATA,"Shipped - Returned to Seller"
402-1316762-0594717,kurta,487,VARANASI,"Shipped - Returned to Seller"
408-7874045-9757902,kurta,375,Coonoor,"Shipped - Returned to Seller"
404-9893613-2835503,kurta,458,"NEW DELHI","Shipped - Returned to Seller"
402-2733877-9862735,Set,568,VISAKHAPATNAM,"Shipped - Rejected by Buyer"
407-1480412-0866746,kurta,458,"NAVI mumbai","Shipped - Returned to Seller"
171-9993814-3190752,Set,1287,HOWRAH,"Shipped - Returned to Seller"
405-3946933-9781937,kurta,442,KANPUR,"Shipped - Returned to Seller"
404-5782801-6911546,Top,387,BENGALURU,"Shipped - Returned to Seller"
407-1702986-1421937,kurta,487,DEHRADUN,"Shipped - Returned to Seller"
408-9096009-2107540,kurta,526,FARIDABAD,"Shipped - Returned to Seller"
405-8607134-1812312,Set,818,KANPUR,"Shipped - Returned to Seller"
406-3006045-7344308,Set,1115,JHAJJAR,"Shipped - Returned to Seller"
406-9062863-3205963,kurta,487,LUDHIANA,"Shipped - Returned to Seller"
403-0908483-3701163,Set,1126,"VIJAY PORE","Shipped - Returned to Seller"
403-1945413-7438713,Set,626,PATNA,"Shipped - Returned to Seller"
405-3424885-4584343,kurta,475,MUMBAI,"Shipped - Returned to Seller"
171-8588805-2190744,kurta,318,"NEW DELHI","Shipped - Returned to Seller"
405-1638910-7579536,Set,631,"JAMMU and kadhmir","Shipped - Returned to Seller"
171-1058080-2209107,Set,1287,VADODARA,"Shipped - Returned to Seller"
406-6531661-6153918,kurta,352,Kharar,"Shipped - Returned to Seller"
403-0909589-1805112,Set,653,SHILLONG,"Shipped - Returned to Seller"
403-4610802-5037953,kurta,419,BENGALURU,"Shipped - Returned to Seller"
404-6050123-6362721,kurta,599,JHANSI,"Shipped - Returned to Seller"
402-0525055-9985118,Set,759,GHAZIABAD,"Shipped - Returned to Seller"
406-9184688-6906737,Set,613,JAIPUR,"Shipped - Returned to Seller"
408-9116386-3651541,"Western Dress",443,GHAZIABAD,"Shipped - Returned to Seller"
402-6138380-1211540,kurta,579,GANDHINAGAR,"Shipped - Returned to Seller"
171-9741054-7624303,kurta,725,PUNNAYUR,"Shipped - Returned to Seller"
404-6968357-9473147,"Western Dress",744,ZIRAKPUR,"Shipped - Returned to Seller"
406-5809177-9237945,kurta,442,"VASAI VIRAR","Shipped - Returned to Seller"
407-6510714-5718730,kurta,475,hyderabad,"Shipped - Returned to Seller"
404-9068519-3341955,Top,518,KOLKATA,"Shipped - Returned to Seller"
171-5683002-3226742,Set,825,KOTA,"Shipped - Returned to Seller"
404-3662074-1824331,kurta,499,BURDWAN,"Shipped - Returned to Seller"
404-4798045-1368313,kurta,345,Ernakulam,"Shipped - Returned to Seller"
408-8830580-2178742,Set,1126,BARGARH,"Shipped - Returned to Seller"
171-3775810-2345913,Set,759,ALLAHABAD,"Shipped - Returned to Seller"
407-6279695-7581901,Set,725,JABALPUR,"Shipped - Returned to Seller"
402-6544214-3573969,kurta,521,BENGALURU,"Shipped - Returned to Seller"
406-6280823-8132344,Set,1299,"Jammu, Vijaypur","Shipped - Returned to Seller"
404-1154525-5590710,Set,969,GURDASPUR,"Shipped - Returned to Seller"
407-4484673-0287523,Set,597,"Manpur Abgilla devi asthan","Shipped - Returned to Seller"
406-8936832-7080327,Set,995,NADBAI,"Shipped - Returned to Seller"
406-6685863-8898746,kurta,295,"NEW DELHI","Shipped - Returned to Seller"
402-0345867-3597105,Set,1221,"GREATER NOIDA","Shipped - Returned to Seller"
403-1352141-9130751,kurta,499,MADANAPALLE,"Shipped - Returned to Seller"
402-5813082-6256358,kurta,487,"BABA BAKALA","Shipped - Returned to Seller"
171-5329056-1935521,Set,950,KOLKATA,"Shipped - Returned to Seller"
403-8587714-3044348,"Western Dress",771,"bajajnagar, aurangabad.","Shipped - Returned to Seller"
405-1478007-0327551,Set,788,Shravasti,"Shipped - Returned to Seller"
408-1662364-6325102,kurta,0,HYDERABAD,"Shipped - Returned to Seller"
404-4354116-9008348,kurta,449,KOLKATA,"Shipped - Returned to Seller"
404-6586145-3086740,Set,1287,SIBSAGAR,"Shipped - Returned to Seller"
406-1127090-1931509,Set,654,Sukhchar,"Shipped - Returned to Seller"
407-2002192-7944312,kurta,353,PUNE,"Shipped - Returned to Seller"
402-8122747-0393909,Set,680,BHAGALPUR,"Shipped - Returned to Seller"
407-5913566-5608361,kurta,442,"Kallur,khammam dist","Shipped - Returned to Seller"
402-7762025-8916348,Set,1092,"GREATER NOIDA","Shipped - Returned to Seller"
407-6742401-7084321,kurta,329,THANE,"Shipped - Returned to Seller"
171-6648982-0798749,Set,1126,DIGBOI,"Shipped - Returned to Seller"
408-5650408-5373914,Set,1112,"RIICO INDUSTRIAL AREA NEEMRANA","Shipped - Returned to Seller"
402-5003165-6788335,Set,716,BENGALURU,"Shipped - Returned to Seller"
407-7686513-2429123,Set,788,"New Delhi","Shipped - Returned to Seller"
404-9407061-4897941,Bottom,377,KANCHEEPURAM,"Shipped - Returned to Seller"
406-8301437-6125925,kurta,487,"DIAMOND HARBOUR","Shipped - Returned to Seller"
408-8395386-3203523,Set,680,"NEW DELHI","Shipped - Returned to Seller"
408-4015560-0425936,kurta,487,Sagwara,"Shipped - Returned to Seller"
408-3853788-2326762,Set,1099,DEHRADUN,"Shipped - Returned to Seller"
408-6014992-6189131,Set,597,THIRUVANANTHAPURAM,"Shipped - Returned to Seller"
404-1411843-0298746,Set,495,KALADHUNGI,"Shipped - Returned to Seller"
171-5516157-3897155,"Western Dress",496,TIRUPATI,"Shipped - Returned to Seller"
406-0213504-5584324,kurta,599,CHENNAI,"Shipped - Returned to Seller"
408-1286270-3981925,kurta,499,"NEW DELHI","Shipped - Returned to Seller"
171-4324968-0669145,"Western Dress",744,CHANNAPATNA,"Shipped - Returned to Seller"
404-7452367-0615565,Top,359,Surat,"Shipped - Returned to Seller"
171-8283091-4833949,kurta,499,"NEW DELHI","Shipped - Returned to Seller"
405-9737817-2065928,Set,696,GHAZIABAD,"Shipped - Returned to Seller"
402-5410851-0850764,Set,654,CHENNAI,"Shipped - Returned to Seller"
408-3037053-5828359,Set,751,NOIDA,"Shipped - Returned to Seller"
403-1367007-8133114,kurta,399,PUDUKKOTTAI,"Shipped - Returned to Seller"
403-8050149-7997962,Set,1299,CHENNAI,"Shipped - Returned to Seller"
408-0243357-7803511,kurta,0,Bangalore,"Shipped - Returned to Seller"
406-4924848-6305922,Set,751,JAMKHANDI,"Shipped - Returned to Seller"
407-5598775-2746767,Set,1338,Bhubaneswar,"Shipped - Returned to Seller"
403-6282640-4001940,"Western Dress",725,HYDERABAD,"Shipped - Returned to Seller"
402-7894679-1464329,Set,1186,RANCHI,"Shipped - Returned to Seller"
402-2690224-0885964,kurta,389,"NTPC SIMHADRI TOWNSHIP","Shipped - Returned to Seller"
406-7950835-5166761,Set,1299,"NEW TOWN","Shipped - Returned to Seller"
402-0102511-7859573,Set,567,CHINSURAH,"Shipped - Returned to Seller"
171-7107933-2749911,Top,359,MYSURU,"Shipped - Returned to Seller"
408-2837348-4266706,Set,725,MUMBAI,"Shipped - Returned to Seller"
408-1885894-2416316,kurta,353,TIRUPPUR,"Shipped - Returned to Seller"
402-9802104-2417912,Set,631,Kamshet,"Shipped - Returned to Seller"
171-8661771-1265965,kurta,399,KOLKATA,"Shipped - Returned to Seller"
408-8202295-0434701,Set,1112,CHANDRAPUR,"Shipped - Returned to Seller"
171-9602203-1095541,kurta,295,CHENNAI,"Shipped - Returned to Seller"
405-4546530-9148348,"Western Dress",725,LUCKNOW,"Shipped - Returned to Seller"
406-1482732-5085160,Set,692,DIBRUGARH,"Shipped - Returned to Seller"
408-9035152-9611513,kurta,419,KENDRAPARA,"Shipped - Returned to Seller"
407-9471868-9941152,"Ethnic Dress",845,Hyderabad,"Shipped - Returned to Seller"
408-0033321-1605948,kurta,499,TIRUPATI,"Shipped - Returned to Seller"
407-7166746-4962724,kurta,549,ANAKAPALLE,"Shipped - Returned to Seller"
406-5268926-6081168,"Western Dress",899,SAMASTIPUR,"Shipped - Returned to Seller"
407-4365611-2031523,kurta,838,BENGALURU,"Shipped - Returned to Seller"
403-1480573-2904310,kurta,362,"NEW DELHI","Shipped - Returned to Seller"
405-8151522-2680329,kurta,399,HYDERABAD,"Shipped - Returned to Seller"
408-5545399-2327564,kurta,318,NARASANNAPETA,"Shipped - Returned to Seller"
171-4007955-4924320,kurta,487,BENGALURU,"Shipped - Returned to Seller"
402-4080537-8184331,kurta,362,KORWA,"Shipped - Returned to Seller"
402-3170507-3220304,"Western Dress",725,PUNE,"Shipped - Returned to Seller"
408-4520378-5241151,Set,737,VERNA,"Shipped - Returned to Seller"
406-7763660-6089902,Set,545,KARAD,"Shipped - Returned to Seller"
402-2862332-3905123,Set,969,KOLKATA,"Shipped - Returned to Seller"
405-1049385-8747562,kurta,319,SINGRAULI,"Shipped - Returned to Seller"
407-3995979-8955522,kurta,352,REDHAKHOL,"Shipped - Returned to Seller"
406-6672470-3729917,Set,967,KHEDA,"Shipped - Returned to Seller"
402-6968602-2237166,kurta,666,UDAIPUR,"Shipped - Returned to Seller"
404-0982894-5869104,Set,1099,"NEW DELHI","Shipped - Returned to Seller"
404-3090920-4473156,kurta,475,Chandigarh,"Shipped - Returned to Seller"
405-6274687-2899536,kurta,521,PUNE,"Shipped - Rejected by Buyer"
404-6084756-3524309,"Western Dress",899,PUNE,"Shipped - Returned to Seller"
408-5495512-2828330,Set,631,KATHUA,"Shipped - Returned to Seller"
408-7522491-5998736,kurta,725,GHAZIABAD,"Shipped - Returned to Seller"
171-7026853-1809933,Set,696,JALANDHAR,"Shipped - Returned to Seller"
402-6409365-9486757,Set,653,"NEW DELHI","Shipped - Returned to Seller"
171-8677000-3988341,Set,692,JAIPUR,"Shipped - Returned to Seller"
408-6697444-6623536,Set,635,SEWARHI,"Shipped - Returned to Seller"
402-2492471-3954714,kurta,376,"Belgharia Nimta","Shipped - Returned to Seller"
404-4237834-4730756,Set,922,Chandigarh,"Shipped - Returned to Seller"
407-1545453-4516333,"Western Dress",771,GHAZIABAD,"Shipped - Returned to Seller"
408-9550729-4005927,"Western Dress",0,"NEW DELHI","Shipped - Returned to Seller"
404-6922381-9003562,Set,589,JALPAIGURI,"Shipped - Returned to Seller"
171-4259088-0541121,kurta,499,COIMBATORE,"Shipped - Returned to Seller"
403-3666973-0966749,kurta,715,MYSURU,"Shipped - Returned to Seller"
171-8045747-7209135,kurta,871,UNNAMALAIKADAI,"Shipped - Returned to Seller"
405-7971143-1229106,kurta,579,"NEW DELHI","Shipped - Returned to Seller"
406-0795791-8427532,Set,1233,"SOUTH WEST DELHI","Shipped - Returned to Seller"
407-2468225-1684343,kurta,635,DHANBAD,"Shipped - Returned to Seller"
403-3537552-8441126,Set,950,KANPUR,"Shipped - Returned to Seller"
408-5882728-8600355,Set,715,SRIKAKULAM,"Shipped - Returned to Seller"
404-3046395-9676318,Set,912,"SRI GANGANAGAR","Shipped - Returned to Seller"
408-5284559-4221137,kurta,295,KOLKATA,"Shipped - Returned to Seller"
404-4227974-7357941,Set,646,RANCHI,"Shipped - Returned to Seller"
403-9667023-3626708,kurta,517,"UTTARPARA KOTRUNG","Shipped - Returned to Seller"
405-2884796-4089111,Bottom,345,Kolkata,"Shipped - Returned to Seller"
405-5030661-4908316,kurta,480,BARBIGHA,"Shipped - Returned to Seller"
171-5545458-0143533,Set,646,RAICHUR,"Shipped - Returned to Seller"
406-1527851-8308343,Set,1129,SRINAGAR,"Shipped - Returned to Seller"
403-6681689-7410750,kurta,487,TIRUCHENDUR,"Shipped - Returned to Seller"
407-7205117-1452351,"Western Dress",771,MUMBAI,"Shipped - Returned to Seller"
405-0233692-8160309,Set,930,ITANAGAR,"Shipped - Returned to Seller"
405-6053546-3796344,kurta,399,BHUBANESWAR,"Shipped - Returned to Seller"
405-3032688-1188343,Set,589,DHEKIAJULI,"Shipped - Returned to Seller"
406-7703407-3551539,kurta,549,MUMBAI,"Shipped - Returned to Seller"
404-8986303-6041934,Set,788,CHIRAMANANGAD,"Shipped - Returned to Seller"
171-1822535-0314728,Set,646,JAMSHEDPUR,"Shipped - Returned to Seller"
405-4658375-8618758,Set,666,PITHORAGARH,"Shipped - Returned to Seller"
403-7945995-4472343,Set,1338,BATHINDA,"Shipped - Returned to Seller"
403-2905340-2722732,Set,680,SURAT,"Shipped - Returned to Seller"
406-3247235-2236337,"Western Dress",496,KOLKATA,"Shipped - Returned to Seller"
404-9758251-5614769,Set,1233,DOIWALA,"Shipped - Returned to Seller"
407-2107078-7358723,kurta,549,BADLAPUR,"Shipped - Returned to Seller"
407-7410228-6708366,Set,646,BENGALURU,"Shipped - Returned to Seller"
408-5691937-0562705,kurta,364,PUNE,"Shipped - Returned to Seller"
171-6031850-1274723,Top,518,"OCL INDUSTRIAL TOWNSHIP","Shipped - Returned to Seller"
403-9327150-6986732,Top,574,Lucknow,"Shipped - Returned to Seller"
404-0317850-5249938,kurta,449,GURUGRAM,"Shipped - Returned to Seller"
171-9170816-0117100,Top,518,BENGALURU,"Shipped - Returned to Seller"
405-1223722-8313136,kurta,499,Kotma,"Shipped - Returned to Seller"
403-1557481-4155562,Set,969,LUCKNOW,"Shipped - Returned to Seller"
405-3249871-4490767,Set,499,MUMBAI,"Shipped - Returned to Seller"
403-9353677-8012313,Set,1099,DEHRADUN,"Shipped - Returned to Seller"
402-5072022-4721129,Set,716,"NEW DELHI","Shipped - Returned to Seller"
406-0524865-6805151,Top,432,Guwahati,"Shipped - Returned to Seller"
407-9319918-8892320,kurta,527,Kolkata,"Shipped - Returned to Seller"
406-1362174-1344325,Set,680,CHENNAI,"Shipped - Returned to Seller"
408-4785573-6005945,Set,646,BAREILLY,"Shipped - Returned to Seller"
407-9438269-2076341,kurta,399,SRINAGAR,"Shipped - Returned to Seller"
171-2041563-6369966,Set,653,PUNE,"Shipped - Returned to Seller"
407-6912058-8012358,Set,648,LUDHIANA,"Shipped - Returned to Seller"
407-8280080-5728322,Set,999,"KANJIKODE INDUSTRIAL AREA","Shipped - Returned to Seller"
404-8063777-0876325,"Western Dress",715,KOLLAM,"Shipped - Returned to Seller"
408-1402376-6419527,Set,631,GORAKHPUR,"Shipped - Returned to Seller"
171-2738548-8377901,kurta,499,JAMSHEDPUR,"Shipped - Returned to Seller"
403-5645059-8532332,Set,747,BOBBILI,"Shipped - Returned to Seller"
404-4892610-8291514,kurta,474,KATHUA,"Shipped - Returned to Seller"
404-3108687-8928368,Top,391,Hyderabad,"Shipped - Returned to Seller"
171-8785077-2485144,kurta,379,"BOKARO STEEL CITY","Shipped - Returned to Seller"
404-5310473-4689937,kurta,495,Noida,"Shipped - Returned to Seller"
404-4569600-9121950,Set,474,Nagarkurnool,"Shipped - Returned to Seller"
406-3187253-7895547,Set,912,BENGALURU,"Shipped - Returned to Seller"
403-6521835-8288323,kurta,379,AMRAVATI,"Shipped - Returned to Seller"
408-7060946-6211559,kurta,547,"Greater Noida","Shipped - Returned to Seller"
407-9681175-7105951,Set,877,HASSAN,"Shipped - Returned to Seller"
403-2486775-7017913,Set,791,"NEW DELHI","Shipped - Returned to Seller"
405-2273051-4398717,Set,1099,JAIPUR,"Shipped - Returned to Seller"
406-6657962-8323525,Top,259,BENGALURU,"Shipped - Returned to Seller"
406-5894813-8494710,Set,1120,"Indirapuram, Ghaziabad","Shipped - Returned to Seller"
403-6912846-3958741,Top,499,NASHIK,"Shipped - Returned to Seller"
403-3914411-5045964,kurta,379,CHENNAI,"Shipped - Returned to Seller"
405-3447567-7156332,kurta,495,BENGALURU,"Shipped - Returned to Seller"
404-9154206-1194742,Set,730,ORAI,"Shipped - Returned to Seller"
402-6076868-5291526,kurta,469,CHENNAI,"Shipped - Returned to Seller"
403-2674414-7186744,Set,646,PUNE,"Shipped - Returned to Seller"
408-0596445-4634760,kurta,452,MUZAFFARPUR,"Shipped - Returned to Seller"
171-1149311-0082758,Set,589,BENGALURU,"Shipped - Returned to Seller"
403-7550590-0976321,Top,297,"URAN ISLAMPUR","Shipped - Rejected by Buyer"
407-2183431-4561164,Set,1129,KARIMGANJ,"Shipped - Returned to Seller"
402-3464080-5734710,Set,799,BENGALURU,"Shipped - Returned to Seller"
403-5694555-2309912,Set,955,PILERU,"Shipped - Returned to Seller"
405-8454235-1876304,kurta,313,CHIRAWA,"Shipped - Returned to Seller"
171-2092760-4807510,Set,688,BENGALURU,"Shipped - Returned to Seller"
408-6253512-8004332,Set,775,AHMADNAGAR,"Shipped - Returned to Seller"
407-9256485-8945168,kurta,339,MUMBAI,"Shipped - Returned to Seller"
404-3244729-2779562,Set,1695,KOLKATA,"Shipped - Returned to Seller"
403-2576195-0389917,kurta,521,NELLORE,"Shipped - Returned to Seller"
407-0208037-8685952,Top,549,FARIDABAD,"Shipped - Returned to Seller"
402-7441523-1873937,"Western Dress",1229,Mumbai,"Shipped - Returned to Seller"
408-7043395-8664315,kurta,426,BENGALURU,"Shipped - Returned to Seller"
404-3043686-8837168,Set,749,RAJAHMUNDRY,"Shipped - Returned to Seller"
405-8205568-2141160,kurta,330,GURUVAYUR,"Shipped - Returned to Seller"
407-4078467-1236358,Top,387,"MUMBAI 400101","Shipped - Returned to Seller"
404-4750279-4476342,kurta,527,BENGALURU,"Shipped - Returned to Seller"
405-6039808-8837169,kurta,499,MUMBAI,"Shipped - Returned to Seller"
171-2511160-2499516,kurta,379,KEWALPUR,"Shipped - Returned to Seller"
404-1800662-0631503,Set,729,GAYA,"Shipped - Returned to Seller"
408-9883835-7580301,kurta,481,HYDERABAD,"Shipped - Returned to Seller"
403-5324937-3214735,Set,849,"NAVI MUMBAI","Shipped - Returned to Seller"
402-2523336-3817902,Blouse,869,SURAT,"Shipped - Returned to Seller"
402-0665963-4250713,"Western Dress",761,BHUBANESWAR,"Shipped - Returned to Seller"
402-8188787-1774733,kurta,322,"HINDUSTHAN CABLES TOWN","Shipped - Returned to Seller"
404-3112822-4284337,"Western Dress",1249,BENGALURU,"Shipped - Returned to Seller"
403-7490717-9220306,kurta,715,BAHERI,"Shipped - Returned to Seller"
405-8022187-9451532,Set,758,SURAT,"Shipped - Returned to Seller"
408-8378853-9366742,kurta,379,JAMMU,"Shipped - Returned to Seller"
407-0363421-5037103,Set,688,TUMAKURU,"Shipped - Returned to Seller"
408-2502210-5341922,Set,0,BANDA,"Shipped - Returned to Seller"
407-6024679-8076351,kurta,547,JAMSHEDPUR,"Shipped - Returned to Seller"
408-6372923-6926705,kurta,399,MANDLA,"Shipped - Returned to Seller"
402-3250350-6556340,"Western Dress",1033,PUNE,"Shipped - Returned to Seller"
408-7626865-6661916,Set,877,KUNNATHUNAD,"Shipped - Returned to Seller"
406-0474749-0162746,Set,799,TINSUKIA,"Shipped - Returned to Seller"
